ROUTE,avg_dep_delay,cancel_rate,flight_count
ABQ-DEN,7.142156862745098,0.027777777777777776,612
ABQ-DFW,25.64179104477612,0.013059701492537313,536
ABQ-LAX,4.576628352490421,0.0,522
ABQ-PHX,9.512640449438202,0.0028089887640449437,712
AGS-ATL,21.115384615384617,0.0,520
AMA-DFW,7.9296028880866425,0.02527075812274368,554
ANC-SEA,8.776978417266188,0.030739045127534337,1529
ASE-DEN,27.135593220338983,0.10691003911342895,767
ATL-AGS,12.10576923076923,0.0019230769230769232,520
ATL-AUS,6.420600858369099,0.001072961373390558,932
ATL-AVL,4.353965183752417,0.0019342359767891683,517
ATL-BHM,5.0813124108416545,0.0014265335235378032,701
ATL-BNA,5.211981566820277,0.01152073732718894,868
ATL-BOS,8.438528557599225,0.001936108422071636,1033
ATL-BWI,9.425816023738873,0.00741839762611276,1348
ATL-CAE,3.8045977011494254,0.0,522
ATL-CHA,4.824902723735408,0.005836575875486381,514
ATL-CHS,3.9563812600969306,0.0,619
ATL-CLE,6.780907668231612,0.001564945226917058,639
ATL-CLT,5.465320456540825,0.000877963125548727,1139
ATL-CMH,4.7757847533632285,0.0014947683109118087,669
ATL-CVG,7.078864353312303,0.00473186119873817,634
ATL-DAL,7.737206085753804,0.004149377593360996,723
ATL-DCA,7.123085983510012,0.010011778563015312,1698
ATL-DEN,6.856341976173791,0.009810791871058164,1427
ATL-DFW,15.766129032258064,0.009408602150537635,1488
ATL-DTW,9.133784928027096,0.001693480101608806,1181
ATL-ECP,4.0199203187251,0.0,502
ATL-EWR,7.110948905109489,0.012408759124087591,1370
ATL-FLL,14.58056982718356,0.004670714619336758,2141
ATL-GSO,3.7322033898305085,0.001694915254237288,590
ATL-GSP,5.242424242424242,0.0025252525252525255,792
ATL-HOU,5.322493224932249,0.0013550135501355014,738
ATL-HSV,3.9948630136986303,0.011986301369863013,584
ATL-IAD,5.135220125786163,0.0031446540880503146,636
ATL-IAH,11.360078277886497,0.007827788649706457,1022
ATL-IND,5.123537061118335,0.0,769
ATL-JAN,7.656521739130435,0.0014492753623188406,690
ATL-JAX,8.060853769300635,0.0018165304268846503,1101
ATL-JFK,20.191724137931036,0.002758620689655172,725
ATL-LAS,15.511111111111111,0.0026666666666666666,1125
ATL-LAX,11.025862068965518,0.0,1160
ATL-LGA,10.262115685252736,0.009379885356956748,1919
ATL-LIT,4.372693726937269,0.0018450184501845018,542
ATL-MCI,5.833116036505867,0.007822685788787484,767
ATL-MCO,13.048759623609923,0.005560307955517536,2338
ATL-MDW,10.81549815498155,0.020910209102091022,813
ATL-MEM,5.6484375,0.009114583333333334,768
ATL-MIA,18.29466739967015,0.006047278724573941,1819
ATL-MKE,8.867272727272727,0.01090909090909091,550
ATL-MSP,6.509345794392523,0.0,856
ATL-MSY,9.107263513513514,0.0008445945945945946,1184
ATL-OKC,5.2215686274509805,0.00392156862745098,510
ATL-OMA,5.003913894324853,0.003913894324853229,511
ATL-ORD,11.992199687987519,0.0078003120124804995,1282
ATL-ORF,7.067594433399602,0.003976143141153081,503
ATL-PBI,8.849250936329588,0.0,1068
ATL-PHL,6.94375,0.00234375,1280
ATL-PHX,11.380622837370241,0.0011534025374855825,867
ATL-PIT,6.623164763458401,0.0,613
ATL-PNS,5.111731843575419,0.0,537
ATL-RDU,6.4913714804722975,0.0009082652134423251,1101
ATL-RIC,7.748051948051948,0.0,770
ATL-RSW,9.78407960199005,0.001990049751243781,1005
ATL-SAT,5.708333333333333,0.0,672
ATL-SAV,3.2098765432098766,0.0,648
ATL-SDF,3.1261398176291793,0.0,658
ATL-SEA,6.459654178674351,0.024495677233429394,694
ATL-SFO,15.691558441558442,0.006493506493506494,616
ATL-SJU,11.326050420168068,0.0016806722689075631,595
ATL-SLC,6.686429512516469,0.0,759
ATL-SRQ,9.333791208791208,0.0,728
ATL-STL,6.4318766066838045,0.0038560411311053984,778
ATL-TPA,12.92514619883041,0.004678362573099415,1710
ATL-TYS,6.998324958123953,0.011725293132328308,597
AUS-ATL,5.47905477980666,0.00322234156820623,931
AUS-BNA,12.01500938086304,0.024390243902439025,533
AUS-DAL,7.199074074074074,0.021604938271604937,648
AUS-DEN,8.661350844277674,0.021575984990619138,1066
AUS-DFW,23.31600324939074,0.012185215272136474,1231
AUS-IAH,5.356862745098039,0.01568627450980392,510
AUS-JFK,16.666107382550337,0.006711409395973154,596
AUS-LAS,17.712700369913687,0.006165228113440197,811
AUS-LAX,9.889830508474576,0.00847457627118644,944
AUS-MCO,12.792633015006821,0.01637107776261937,733
AUS-ORD,9.669603524229075,0.013215859030837005,681
AUS-PHX,18.239106145251398,0.0033519553072625698,895
AVL-ATL,6.032945736434108,0.001937984496124031,516
AVL-CLT,4.959001782531194,0.0071301247771836,561
BDL-MCO,35.666666666666664,0.013888888888888888,504
BHM-ATL,5.3509272467903,0.0028530670470756064,701
BHM-CLT,8.346666666666666,0.015238095238095238,525
BNA-ATL,4.596244131455399,0.014084507042253521,852
BNA-AUS,8.047801147227533,0.021032504780114723,523
BNA-CLT,12.818378378378378,0.023783783783783784,925
BNA-DAL,10.40747663551402,0.03177570093457944,535
BNA-DCA,4.297216699801193,0.03180914512922465,1006
BNA-DEN,11.776371308016877,0.029535864978902954,948
BNA-DFW,29.025270758122744,0.03489771359807461,831
BNA-FLL,9.146964856230031,0.023961661341853034,626
BNA-IAH,7.888045540796964,0.026565464895635674,527
BNA-LGA,8.874226804123712,0.03505154639175258,970
BNA-MCO,14.769526248399488,0.016645326504481434,781
BNA-MIA,14.581117021276595,0.027925531914893616,752
BNA-ORD,8.886260236578709,0.047315741583257506,1099
BNA-PHL,8.504302925989673,0.024096385542168676,581
BNA-PHX,12.538602941176471,0.01838235294117647,544
BNA-RDU,9.811676082862524,0.022598870056497175,531
BNA-TPA,8.636851520572451,0.03398926654740608,559
BOI-DEN,7.108452950558214,0.025518341307814992,627
BOI-SEA,4.127329192546584,0.003105590062111801,966
BOS-ATL,10.836557059961315,0.0029013539651837525,1034
BOS-BWI,7.222087378640777,0.021844660194174758,824
BOS-CLT,9.95971351835273,0.010743061772605193,1117
BOS-DCA,5.202591792656587,0.020734341252699785,2315
BOS-DEN,8.633241758241759,0.04532967032967033,728
BOS-DFW,13.732941176470588,0.0058823529411764705,850
BOS-DTW,9.832236842105264,0.008223684210526315,608
BOS-EWR,1.2043243243243242,0.023783783783783784,925
BOS-FLL,21.930365296803654,0.023972602739726026,876
BOS-JFK,8.731514716439339,0.012203876525484566,1393
BOS-LAX,9.602422907488986,0.0022026431718061676,908
BOS-LGA,8.443123061013443,0.025336091003102378,1934
BOS-MCO,21.535444947209655,0.013574660633484163,1326
BOS-MIA,10.697495183044316,0.012524084778420038,1038
BOS-ORD,8.011387900355873,0.025622775800711744,1405
BOS-PBI,20.689138576779026,0.00749063670411985,534
BOS-PHL,7.793201133144476,0.0113314447592068,1059
BOS-PHX,16.627056672760514,0.0018281535648994515,547
BOS-RDU,10.164285714285715,0.010714285714285714,560
BOS-RSW,19.708683473389357,0.00980392156862745,714
BOS-SFO,15.373015873015873,0.017006802721088437,882
BOS-TPA,19.276119402985074,0.014925373134328358,670
BUF-JFK,8.953101361573374,0.060514372163388806,661
BUR-LAS,11.902985074626866,0.025186567164179104,1072
BUR-OAK,4.656593406593407,0.023351648351648352,728
BUR-PHX,9.152722443559098,0.006640106241699867,753
BUR-SFO,20.45571245186136,0.028241335044929396,779
BUR-SJC,5.7853211009174315,0.01834862385321101,545
BUR-SMF,4.576190476190476,0.014285714285714285,630
BWI-ATL,9.852471482889733,0.01064638783269962,1315
BWI-BOS,9.939429928741093,0.023752969121140142,842
BWI-CLT,9.93161094224924,0.0060790273556231,658
BWI-DEN,12.843657817109145,0.022123893805309734,678
BWI-FLL,15.346418056918548,0.014720314033366046,1019
BWI-MCO,14.60643394934976,0.01574264202600958,1461
BWI-MIA,14.910863509749303,0.013927576601671309,718
BWI-ORD,9.649149922720246,0.03245749613601236,647
BWI-TPA,15.64241676942047,0.011097410604192354,811
BZN-DEN,10.798951048951048,0.02097902097902098,572
CAE-ATL,3.544230769230769,0.0,520
CHA-ATL,7.184824902723736,0.005836575875486381,514
CHS-ATL,3.8103727714748783,0.0,617
CHS-CLT,10.03211009174312,0.00764525993883792,654
CLE-ATL,8.08307210031348,0.0,638
CLE-LGA,9.112195121951219,0.02926829268292683,615
CLE-MCO,23.061611374407583,0.0315955766192733,633
CLE-ORD,7.271646859083192,0.035653650254668934,589
CLT-ATL,11.591228070175438,0.0,1140
CLT-AVL,5.040998217468806,0.008912655971479501,561
CLT-BHM,6.391634980988593,0.009505703422053232,526
CLT-BNA,10.574973031283712,0.021574973031283712,927
CLT-BOS,13.080645161290322,0.0062724014336917565,1116
CLT-BWI,11.543247344461305,0.006069802731411229,659
CLT-CHS,11.725880551301685,0.006125574272588055,653
CLT-DCA,16.985,0.00625,800
CLT-DEN,11.982708933717579,0.005763688760806916,694
CLT-DFW,12.226626016260163,0.006097560975609756,984
CLT-DTW,10.569682151589243,0.008557457212713936,818
CLT-EWR,14.890442890442891,0.023310023310023312,858
CLT-FLL,16.79232283464567,0.004921259842519685,1016
CLT-GSO,10.010752688172044,0.0030721966205837174,651
CLT-GSP,9.170572916666666,0.0078125,768
CLT-IAH,11.68013468013468,0.006734006734006734,594
CLT-ILM,13.294498381877023,0.006472491909385114,618
CLT-JAX,13.401294498381876,0.0016181229773462784,618
CLT-JFK,18.89021164021164,0.01455026455026455,756
CLT-LAS,16.368916797488225,0.004709576138147566,637
CLT-LAX,12.840974212034384,0.0028653295128939827,698
CLT-LGA,14.263808139534884,0.020348837209302327,1376
CLT-MCO,16.484046164290564,0.006109979633401222,1473
CLT-MIA,13.207943925233645,0.008177570093457943,856
CLT-MSP,8.151736745886655,0.003656307129798903,547
CLT-MYR,10.194915254237289,0.006779661016949152,590
CLT-ORD,12.727969348659004,0.006704980842911878,1044
CLT-ORF,15.25305410122164,0.0034904013961605585,573
CLT-PBI,10.590909090909092,0.0016233766233766235,616
CLT-PHL,18.451041666666665,0.007291666666666667,960
CLT-PHX,12.27562326869806,0.0,722
CLT-RDU,15.872316384180792,0.0022598870056497176,885
CLT-RIC,17.67219152854512,0.001841620626151013,543
CLT-RSW,12.460420032310179,0.0032310177705977385,619
CLT-SAV,17.236301369863014,0.008561643835616438,584
CLT-SRQ,18.493383742911153,0.001890359168241966,529
CLT-TPA,11.023162134944613,0.004028197381671702,993
CLT-TYS,10.749190938511326,0.021035598705501618,618
CMH-ATL,3.7574850299401197,0.0029940119760479044,668
CMH-LGA,2.1875901875901875,0.021645021645021644,693
CMH-MCO,13.789902280130294,0.009771986970684038,614
CMH-ORD,10.531055900621118,0.010869565217391304,644
COS-DEN,6.875912408759124,0.028284671532846715,1096
CRP-DFW,6.672077922077922,0.016233766233766232,616
CVG-ATL,4.033123028391167,0.0031545741324921135,634
CVG-DCA,3.346,0.016,500
CVG-EWR,2.1184466019417476,0.021359223300970873,515
CVG-JFK,2.6774193548387095,0.007590132827324478,527
CVG-LGA,2.7790055248618786,0.02394106813996317,543
CVG-MCO,11.973128598848369,0.015355086372360844,521
CVG-ORD,7.05922165820643,0.01015228426395939,591
DAL-ATL,10.625869262865091,0.004172461752433936,719
DAL-AUS,9.353395061728396,0.013888888888888888,648
DAL-BNA,8.082242990654205,0.024299065420560748,535
DAL-DEN,11.158476658476658,0.018427518427518427,814
DAL-HOU,8.81648675171737,0.02649656526005888,1019
DAL-LAS,15.954866008462623,0.011283497884344146,709
DAL-LAX,9.754646840148698,0.013011152416356878,538
DAL-MCO,12.515625,0.015625,704
DAL-MSY,10.72053872053872,0.011784511784511785,594
DAL-PHX,10.654569892473118,0.012096774193548387,744
DAL-SAT,7.833791208791209,0.01098901098901099,728
DAL-STL,10.55795677799607,0.011787819253438114,509
DCA-ATL,9.275983558426306,0.012331180270111567,1703
DCA-BNA,5.2207920792079205,0.033663366336633666,1010
DCA-BOS,8.002157031924073,0.01984469370146678,2318
DCA-CLT,17.689526184538654,0.004987531172069825,802
DCA-CVG,8.66468253968254,0.015873015873015872,504
DCA-DFW,19.358374384236452,0.01847290640394089,812
DCA-DTW,9.125748502994012,0.014970059880239521,668
DCA-FLL,17.096,0.013333333333333334,750
DCA-IAH,9.78108581436077,0.014010507880910683,571
DCA-JFK,2.868131868131868,0.02197802197802198,546
DCA-LGA,9.80163043478261,0.028985507246376812,1104
DCA-MCO,14.87905604719764,0.014011799410029498,1356
DCA-MDW,8.809338521400779,0.033073929961089495,514
DCA-MIA,15.53877139979859,0.023162134944612285,993
DCA-MSP,8.310679611650485,0.011650485436893204,515
DCA-ORD,10.00266844563042,0.019346230820547032,1499
DCA-PVD,7.65474060822898,0.03220035778175313,559
DCA-RDU,6.618556701030927,0.016200294550810016,679
DCA-STL,8.794066317626527,0.034904013961605584,573
DCA-TPA,14.704225352112676,0.01584507042253521,568
DEN-ABQ,11.67043618739903,0.01615508885298869,619
DEN-ASE,29.277266754270695,0.1011826544021025,761
DEN-ATL,9.284137931034483,0.009655172413793104,1450
DEN-AUS,11.384543761638733,0.0223463687150838,1074
DEN-BNA,12.54094827586207,0.02693965517241379,928
DEN-BOI,12.776190476190477,0.026984126984126985,630
DEN-BOS,17.346629986244842,0.03163686382393398,727
DEN-BWI,13.137878787878789,0.02727272727272727,660
DEN-BZN,16.275438596491227,0.021052631578947368,570
DEN-CLT,8.959712230215827,0.0057553956834532375,695
DEN-COS,12.685168334849864,0.025477707006369428,1099
DEN-DAL,12.917690417690418,0.02702702702702703,814
DEN-DFW,13.978571428571428,0.02,1400
DEN-DSM,12.403225806451612,0.03046594982078853,558
DEN-DTW,11.758321273516643,0.005788712011577424,691
DEN-EWR,17.823619631901842,0.08742331288343558,652
DEN-HOU,14.421130952380953,0.022321428571428572,672
DEN-IAD,18.81454005934718,0.06231454005934718,674
DEN-IAH,15.757188498402556,0.026357827476038338,1252
DEN-IND,13.052364864864865,0.018581081081081082,592
DEN-LAS,16.18636995827538,0.02086230876216968,2157
DEN-LAX,10.880546075085324,0.03128555176336746,1758
DEN-LGA,13.566878980891719,0.01091901728844404,1099
DEN-MCI,9.815915627996166,0.023969319271332695,1043
DEN-MCO,17.288175411119813,0.02975724353954581,1277
DEN-MDW,13.73452544704264,0.03851444291609354,727
DEN-MIA,20.917355371900825,0.01790633608815427,726
DEN-MKE,14.873040752351097,0.02821316614420063,638
DEN-MSP,9.805918788713008,0.01995870612525809,1453
DEN-MSY,9.428994082840237,0.03550295857988166,676
DEN-OKC,16.834179357021995,0.023688663282571912,591
DEN-OMA,16.05121638924456,0.030729833546734954,781
DEN-ONT,14.903649635036496,0.01167883211678832,685
DEN-ORD,15.339518900343643,0.032989690721649485,1455
DEN-PDX,10.751592356687897,0.028662420382165606,942
DEN-PHL,14.512367491166078,0.012367491166077738,566
DEN-PHX,11.432696217974787,0.021553477023180154,2459
DEN-RNO,14.599284436493738,0.008944543828264758,559
DEN-SAN,11.37772397094431,0.024213075060532687,1239
DEN-SAT,11.062583222370174,0.02663115845539281,751
DEN-SEA,11.63859649122807,0.021052631578947368,1425
DEN-SFO,29.254918032786886,0.03360655737704918,1220
DEN-SJC,14.48165137614679,0.01834862385321101,654
DEN-SLC,13.312438302073051,0.012339585389930898,2026
DEN-SMF,14.978185993111365,0.024110218140068886,871
DEN-SNA,9.606857142857143,0.014857142857142857,875
DEN-STL,12.327233584499462,0.02045209903121636,929
DEN-TPA,15.985138004246284,0.029723991507430998,942
DEN-TUS,14.968152866242038,0.01751592356687898,628
DFW-ABQ,20.77094972067039,0.00931098696461825,537
DFW-AMA,10.402173913043478,0.025362318840579712,552
DFW-ATL,21.504016064257026,0.008032128514056224,1494
DFW-AUS,22.256493506493506,0.008928571428571428,1232
DFW-BNA,18.96987951807229,0.03614457831325301,830
DFW-BOS,19.587616822429908,0.005841121495327103,856
DFW-CLT,19.34040404040404,0.005050505050505051,990
DFW-CRP,5.91042345276873,0.014657980456026058,614
DFW-DCA,16.80223880597015,0.017412935323383085,804
DFW-DEN,16.271560940841056,0.01781895937277263,1403
DFW-DTW,15.173177083333334,0.01171875,768
DFW-ELP,17.146417445482864,0.014018691588785047,642
DFW-EWR,13.188769414575866,0.02031063321385902,837
DFW-FLL,16.788535031847132,0.011464968152866241,785
DFW-HOU,7.017208413001912,0.028680688336520075,523
DFW-IAH,16.064124783362217,0.016464471403812825,1154
DFW-ICT,9.767213114754098,0.01639344262295082,610
DFW-LAS,22.870611183355006,0.01235370611183355,1538
DFW-LAX,15.629514321295144,0.0037359900373599006,1606
DFW-LBB,19.919224555735056,0.027463651050080775,619
DFW-LGA,15.909219858156028,0.014184397163120567,1410
DFW-LIT,7.183703703703704,0.02074074074074074,675
DFW-MAF,5.079147640791477,0.0213089802130898,657
DFW-MCI,14.975609756097562,0.006968641114982578,574
DFW-MCO,22.834848484848486,0.010606060606060607,1320
DFW-MEM,12.550094517958412,0.020793950850661626,529
DFW-MFE,17.486166007905137,0.009881422924901186,506
DFW-MIA,21.104231974921632,0.013322884012539185,1276
DFW-MSP,14.656023222060957,0.002902757619738752,689
DFW-MSY,18.93234100135318,0.005412719891745603,739
DFW-OKC,12.719020172910662,0.021613832853025938,694
DFW-ONT,18.45303867403315,0.007366482504604052,543
DFW-ORD,12.625179856115109,0.013669064748201438,1390
DFW-PDX,20.5562015503876,0.02131782945736434,516
DFW-PHL,14.605540897097626,0.014511873350923483,758
DFW-PHX,18.707727620504972,0.006885998469778117,1307
DFW-RDU,19.85880077369439,0.013539651837524178,517
DFW-SAN,15.34691629955947,0.009911894273127754,908
DFW-SAT,22.0,0.017159199237368923,1049
DFW-SDF,12.875494071146244,0.011857707509881422,506
DFW-SEA,13.91710388247639,0.02833158447009444,953
DFW-SFO,22.79363336992316,0.009879253567508232,911
DFW-SGF,7.39766081871345,0.027777777777777776,684
DFW-SLC,17.296032553407937,0.009155645981688708,983
DFW-SNA,9.329545454545455,0.009943181818181818,704
DFW-STL,18.763809523809524,0.011428571428571429,525
DFW-TPA,21.566451612903226,0.012903225806451613,775
DFW-TUL,15.576642335766424,0.021897810218978103,685
DFW-TUS,14.223958333333334,0.005208333333333333,576
DFW-XNA,13.767105263157895,0.019736842105263157,760
DSM-DEN,12.319569120287253,0.03590664272890485,557
DTW-ATL,12.512755102040817,0.004251700680272109,1176
DTW-BOS,10.073770491803279,0.009836065573770493,610
DTW-CLT,9.861858190709047,0.009779951100244499,818
DTW-DCA,8.177177177177176,0.015015015015015015,666
DTW-DEN,8.01585014409222,0.007204610951008645,694
DTW-DFW,11.179818887451487,0.0129366106080207,773
DTW-EWR,7.1936339522546415,0.011936339522546418,754
DTW-FLL,13.87887323943662,0.008450704225352112,710
DTW-LAS,17.9703125,0.0046875,640
DTW-LAX,12.59016393442623,0.00546448087431694,549
DTW-LGA,7.4361593462717055,0.01940755873340143,979
DTW-MCO,19.54424778761062,0.011504424778761062,1130
DTW-MDW,10.764822134387352,0.025691699604743084,506
DTW-MIA,13.565055762081784,0.01486988847583643,538
DTW-MSP,7.357552581261951,0.0019120458891013384,523
DTW-ORD,13.420963651732883,0.028740490278951817,1183
DTW-PHL,11.695324283559577,0.013574660633484163,663
DTW-PHX,22.8953488372093,0.005813953488372093,516
DTW-RSW,10.830319888734353,0.008344923504867872,719
DTW-TPA,20.649425287356323,0.007183908045977011,696
ECP-ATL,7.139165009940358,0.0,503
ELP-DFW,16.18153364632238,0.014084507042253521,639
ELP-PHX,5.272435897435898,0.004807692307692308,624
EWR-ATL,10.743045387994144,0.01171303074670571,1366
EWR-BOS,7.275189599133261,0.01733477789815818,923
EWR-CLT,12.940628637951106,0.012805587892898719,859
EWR-CVG,6.394230769230769,0.019230769230769232,520
EWR-DEN,7.925076452599388,0.08103975535168195,654
EWR-DFW,13.138055222088836,0.01920768307322929,833
EWR-DTW,9.01726427622842,0.014608233731739707,753
EWR-FLL,15.02870189171559,0.046314416177429873,1533
EWR-IAH,9.263414634146342,0.04390243902439024,820
EWR-IND,1.087378640776699,0.015533980582524271,515
EWR-LAS,12.511267605633803,0.028169014084507043,710
EWR-LAX,13.590176515732924,0.0283960092095165,1303
EWR-MCO,13.57504123144585,0.032435404068169325,1819
EWR-MIA,11.88630904723779,0.04723779023218575,1249
EWR-MSP,10.444007858546168,0.015717092337917484,509
EWR-ORD,11.721198156682028,0.03917050691244239,1302
EWR-PBI,8.76153091265947,0.0647693817468106,1019
EWR-PHX,12.40952380952381,0.01904761904761905,735
EWR-PIT,0.015873015873015872,0.019400352733686066,567
EWR-RDU,6.28130081300813,0.02113821138211382,615
EWR-RSW,8.970099667774086,0.061461794019933555,602
EWR-SFO,18.71917808219178,0.0228310502283105,876
EWR-SJU,15.201492537313433,0.009328358208955223,536
EWR-TPA,7.548517520215634,0.06064690026954178,742
FAI-SEA,6.402390438247012,0.025896414342629483,502
FLL-ATL,19.25432445067789,0.005610098176718092,2139
FLL-BNA,18.51211631663974,0.014539579967689823,619
FLL-BOS,26.225769669327253,0.02280501710376283,877
FLL-BWI,19.75,0.01953125,1024
FLL-CLT,17.01571709233792,0.004911591355599214,1018
FLL-DCA,21.74005305039788,0.011936339522546418,754
FLL-DFW,20.031928480204343,0.010217113665389528,783
FLL-DTW,12.408391608391609,0.008391608391608392,715
FLL-EWR,18.674040338321404,0.04163955757970072,1537
FLL-IAH,18.10296191819464,0.012693935119887164,709
FLL-JFK,24.43527013251784,0.01834862385321101,981
FLL-LAX,16.173986486486488,0.02364864864864865,592
FLL-LGA,21.336084021005252,0.012753188297074268,1333
FLL-ORD,28.853982300884955,0.03761061946902655,904
FLL-PHL,23.93732970027248,0.014986376021798364,734
GEG-SEA,7.0370981038746905,0.018961253091508656,1213
GRR-ORD,10.060240963855422,0.043674698795180725,664
GSO-ATL,1.3622448979591837,0.0017006802721088435,588
GSO-CLT,9.056923076923077,0.004615384615384616,650
GSP-ATL,3.4665825977301385,0.0025220680958385876,793
GSP-CLT,7.802083333333333,0.005208333333333333,768
HNL-ITO,5.747246022031824,0.0055079559363525096,1634
HNL-KOA,5.766188828472566,0.010380622837370242,2023
HNL-LAX,10.312152501985702,0.013502779984114376,1259
HNL-LIH,4.337844143723752,0.005132991133924405,2143
HNL-OGG,4.137788494660696,0.009300723389596968,2903
HNL-SEA,16.705882352941178,0.04447632711621234,697
HNL-SFO,16.375827814569536,0.029801324503311258,604
HOU-ATL,8.68064952638701,0.0040595399188092015,739
HOU-DAL,6.341897233201581,0.019762845849802372,1012
HOU-DEN,8.596952908587257,0.0221606648199446,722
HOU-DFW,7.654580152671755,0.030534351145038167,524
HOU-MCO,12.153398058252428,0.021359223300970873,515
HOU-MSY,8.47938144329897,0.001718213058419244,582
HPN-PBI,6.438291139240507,0.00949367088607595,632
HSV-ATL,3.2174657534246576,0.011986301369863013,584
IAD-ATL,6.102201257861635,0.006289308176100629,636
IAD-DEN,14.645925925925926,0.03851851851851852,675
IAD-LAX,8.841584158415841,0.04950495049504951,505
IAD-SFO,12.22972972972973,0.052123552123552123,518
IAH-ATL,10.784600389863547,0.003898635477582846,1026
IAH-AUS,10.137254901960784,0.01764705882352941,510
IAH-BNA,10.718045112781954,0.02443609022556391,532
IAH-CLT,16.86195286195286,0.005050505050505051,594
IAH-DCA,13.347902097902098,0.013986013986013986,572
IAH-DEN,12.716129032258065,0.03064516129032258,1240
IAH-DFW,19.366319444444443,0.017361111111111112,1152
IAH-EWR,9.33616504854369,0.04247572815533981,824
IAH-FLL,19.38048090523338,0.015558698727015558,707
IAH-LAS,14.81934846989141,0.017769002961500493,1013
IAH-LAX,11.568086883876358,0.036758563074352546,1197
IAH-LGA,16.36015325670498,0.011494252873563218,783
IAH-MCO,21.023,0.014,1000
IAH-MIA,14.106965174129353,0.03855721393034826,804
IAH-MSY,10.0,0.033625730994152045,684
IAH-ORD,15.548076923076923,0.025,1040
IAH-PHX,9.109204368174726,0.0093603744149766,641
IAH-SFO,24.123456790123456,0.04252400548696845,729
IAH-SLC,11.590909090909092,0.012237762237762238,572
ICT-DFW,9.163934426229508,0.01639344262295082,610
ILM-CLT,6.445880452342488,0.008077544426494346,619
IND-ATL,6.502597402597402,0.0025974025974025974,770
IND-DEN,9.986394557823129,0.017006802721088437,588
IND-EWR,2.62671905697446,0.015717092337917484,509
IND-JFK,2.605058365758755,0.021400778210116732,514
IND-LGA,1.3768115942028984,0.024154589371980676,621
IND-MCO,14.993993993993994,0.016516516516516516,666
IND-ORD,5.271764705882353,0.029411764705882353,850
ITO-HNL,2.3243574051407587,0.0055079559363525096,1634
JAN-ATL,3.907488986784141,0.002936857562408223,681
JAX-ATL,2.435336976320583,0.0009107468123861566,1098
JAX-CLT,14.755267423014587,0.0016207455429497568,617
JFK-ATL,17.936813186813186,0.0027472527472527475,728
JFK-AUS,9.622673434856177,0.00676818950930626,591
JFK-BOS,14.396280400572246,0.015021459227467811,1398
JFK-BUF,15.525757575757575,0.05303030303030303,660
JFK-CLT,8.172185430463577,0.01456953642384106,755
JFK-CVG,1.2125237191650853,0.017077798861480076,527
JFK-DCA,2.396330275229358,0.01834862385321101,545
JFK-FLL,24.305641025641027,0.024615384615384615,975
JFK-IND,4.083657587548638,0.017509727626459144,514
JFK-LAS,7.980509745127437,0.0029985007496251873,667
JFK-LAX,6.428191489361702,0.0026595744680851063,2256
JFK-MCO,19.243626062322946,0.0084985835694051,1059
JFK-MIA,11.890326975476839,0.014986376021798364,1468
JFK-ORD,15.207936507936507,0.02857142857142857,630
JFK-PBI,25.572202166064983,0.01263537906137184,554
JFK-PHX,12.46539027982327,0.007363770250368188,679
JFK-RDU,9.806919642857142,0.011160714285714286,896
JFK-SAN,5.221782178217822,0.031683168316831684,505
JFK-SEA,8.260647359454856,0.039182282793867124,587
JFK-SFO,13.187188612099645,0.022775800711743774,1405
JFK-SJU,23.9819587628866,0.010309278350515464,776
JFK-SLC,10.82940108892922,0.009074410163339383,551
JFK-TPA,16.00728597449909,0.01092896174863388,549
KOA-HNL,4.539259259259259,0.012345679012345678,2025
LAS-ATL,11.054735013032145,0.0034752389226759338,1151
LAS-AUS,14.72439024390244,0.003658536585365854,820
LAS-BUR,12.257879656160458,0.021012416427889206,1047
LAS-CLT,9.2984375,0.003125,640
LAS-DAL,13.857142857142858,0.022408963585434174,714
LAS-DEN,12.823502090106828,0.026474686483975846,2153
LAS-DFW,18.217957059206245,0.01236174365647365,1537
LAS-DTW,12.0423197492163,0.006269592476489028,638
LAS-EWR,9.899159663865547,0.022408963585434174,714
LAS-IAH,11.454456415279138,0.02056807051909892,1021
LAS-JFK,8.1062874251497,0.004491017964071856,668
LAS-LAX,14.022378236068452,0.016673979815708645,2279
LAS-LGB,12.12982456140351,0.014035087719298246,570
LAS-MDW,15.229711141678129,0.02888583218707015,727
LAS-MSP,7.353780313837375,0.005706134094151213,701
LAS-OAK,15.154192966636609,0.009918845807033363,1109
LAS-ONT,11.061359867330017,0.001658374792703151,603
LAS-ORD,12.23330585325639,0.028029678483099753,1213
LAS-PDX,9.768130745658835,0.02247191011235955,979
LAS-PHX,12.526894158473105,0.01098901098901099,1729
LAS-RNO,13.686686686686686,0.01901901901901902,999
LAS-SAN,10.247695144437616,0.007375537799631223,1627
LAS-SAT,10.926062846580407,0.014787430683918669,541
LAS-SEA,11.709068010075567,0.023299748110831235,1588
LAS-SFO,23.279661016949152,0.045454545454545456,1298
LAS-SJC,10.15223880597015,0.009950248756218905,1005
LAS-SLC,10.972175379426645,0.00505902192242833,1186
LAS-SMF,12.192889561270801,0.014372163388804841,1322
LAS-SNA,11.954034729315628,0.007150153217568948,979
LAX-ABQ,5.137254901960785,0.0,510
LAX-ATL,15.40120793787748,0.0008628127696289905,1159
LAX-AUS,11.133333333333333,0.009523809523809525,945
LAX-BOS,7.427003293084523,0.0021953896816684962,911
LAX-CLT,11.426934097421203,0.0028653295128939827,698
LAX-DAL,7.773584905660377,0.005660377358490566,530
LAX-DEN,7.5127167630057805,0.03121387283236994,1730
LAX-DFW,18.846297448662103,0.0043559427504667085,1607
LAX-DTW,7.739051094890511,0.0036496350364963502,548
LAX-EWR,11.628352490421456,0.027586206896551724,1305
LAX-FLL,9.409090909090908,0.020202020202020204,594
LAX-HNL,10.16904761904762,0.014285714285714285,1260
LAX-IAD,9.252465483234714,0.02564102564102564,507
LAX-IAH,7.695142378559464,0.04103852596314908,1194
LAX-JFK,12.075764288879043,0.0031014621178555605,2257
LAX-LAS,14.246160596752961,0.015357612988152698,2279
LAX-MCO,12.954367666232073,0.01564537157757497,767
LAX-MIA,16.58440276406713,0.0019743336623889436,1013
LAX-OAK,8.23844537815126,0.01050420168067227,952
LAX-ORD,13.395487723954878,0.027206370272063702,1507
LAX-PDX,4.896663078579118,0.02798708288482239,929
LAX-PHL,9.36048526863085,0.005199306759098787,577
LAX-PHX,11.368558382257012,0.009784735812133072,1533
LAX-RNO,7.360197368421052,0.006578947368421052,608
LAX-SAN,4.276190476190476,0.0019047619047619048,525
LAX-SAT,15.513565891472869,0.003875968992248062,516
LAX-SEA,5.978220286247667,0.029869321717486,1607
LAX-SFO,19.199079401611048,0.023782125047947834,2607
LAX-SJC,5.011067193675889,0.0,1265
LAX-SLC,5.314533622559653,0.0007230657989877079,1383
LAX-SMF,5.862184873949579,0.0033613445378151263,1190
LAX-TUS,11.650741350906095,0.0016474464579901153,607
LBB-DFW,15.57556270096463,0.027331189710610933,622
LGA-ATL,10.017169614984391,0.009365244536940686,1922
LGA-BNA,7.734989648033126,0.047619047619047616,966
LGA-BOS,8.814085965820817,0.02589331952356292,1931
LGA-CLE,4.02435064935065,0.032467532467532464,616
LGA-CLT,9.911465892597969,0.019593613933236574,1378
LGA-CMH,3.2281205164992826,0.020086083213773313,697
LGA-CVG,5.65625,0.027573529411764705,544
LGA-DCA,2.3405994550408717,0.027247956403269755,1101
LGA-DEN,12.209471766848816,0.009107468123861567,1098
LGA-DFW,18.895258315640483,0.014861995753715499,1413
LGA-DTW,7.166326530612245,0.019387755102040816,980
LGA-FLL,19.106287425149702,0.012724550898203593,1336
LGA-IAH,12.557397959183673,0.011479591836734694,784
LGA-IND,3.837096774193548,0.02258064516129032,620
LGA-MCI,6.798872180451128,0.02819548872180451,532
LGA-MCO,18.24632610216935,0.016794961511546535,1429
LGA-MDW,9.375404530744337,0.061488673139158574,618
LGA-MIA,15.780615586116568,0.015717092337917484,1527
LGA-MSP,7.248287671232877,0.005136986301369863,584
LGA-ORD,9.395741261550823,0.025311370028123746,2489
LGA-PBI,14.12316384180791,0.010169491525423728,885
LGA-PIT,6.323415265200517,0.02069857697283312,773
LGA-RDU,7.683315621679065,0.024442082890541977,941
LGA-STL,8.065101387406617,0.04055496264674493,937
LGA-TPA,16.362589928057552,0.010071942446043165,695
LGB-LAS,13.435626102292769,0.014109347442680775,567
LIH-HNL,3.4147594581971044,0.007006071929005138,2141
LIT-ATL,3.22550831792976,0.0018484288354898336,541
LIT-DFW,13.127407407407407,0.01925925925925926,675
MAF-DFW,6.151975683890577,0.02127659574468085,658
MCI-ATL,4.796,0.009333333333333334,750
MCI-DEN,6.168411037107517,0.02664129400570885,1051
MCI-DFW,17.902946273830157,0.006932409012131715,577
MCI-LGA,7.840823970037453,0.03745318352059925,534
MCI-ORD,11.731861198738171,0.02365930599369085,634
MCI-PHX,11.210306406685238,0.01532033426183844,718
MCO-ATL,16.413219616204692,0.005543710021321962,2345
MCO-AUS,16.181440443213297,0.009695290858725761,722
MCO-BDL,17.630434782608695,0.01383399209486166,506
MCO-BNA,14.578064516129032,0.023225806451612905,775
MCO-BOS,18.95933734939759,0.01581325301204819,1328
MCO-BWI,16.52892561983471,0.014462809917355372,1452
MCO-CLE,13.411023622047244,0.029921259842519685,635
MCO-CLT,17.284160435078178,0.005438477226376614,1471
MCO-CMH,14.965630114566284,0.008183306055646482,611
MCO-CVG,12.550863723608446,0.013435700575815739,521
MCO-DAL,14.06160458452722,0.01002865329512894,698
MCO-DCA,12.812546125461255,0.014760147601476014,1355
MCO-DEN,16.983922829581992,0.021704180064308683,1244
MCO-DFW,22.19756838905775,0.010638297872340425,1316
MCO-DTW,19.181333333333335,0.011555555555555555,1125
MCO-EWR,15.046652030735455,0.031833150384193196,1822
MCO-HOU,16.017241379310345,0.009578544061302681,522
MCO-IAH,14.7913741223671,0.02106318956870612,997
MCO-IND,16.025110782865582,0.01772525849335303,677
MCO-JFK,18.428840716305373,0.010367577756833177,1061
MCO-LAX,10.035294117647059,0.013071895424836602,765
MCO-LGA,16.48698099929627,0.011963406052076003,1421
MCO-MDW,15.69767441860465,0.03488372093023256,774
MCO-MIA,18.062170706006324,0.009483667017913594,949
MCO-MKE,15.98943661971831,0.01056338028169014,568
MCO-MSP,9.52437223042836,0.005908419497784343,677
MCO-MSY,16.652241112828438,0.010819165378670788,647
MCO-ORD,14.166087560806115,0.024322446143154968,1439
MCO-PHL,18.909267660401813,0.009073233959818535,1543
MCO-PIT,14.262626262626263,0.01443001443001443,693
MCO-RDU,22.97887323943662,0.007042253521126761,710
MCO-SJU,23.70182555780933,0.0067613252197430695,1479
MCO-SLC,12.284420289855072,0.0,552
MCO-STL,14.234303215926493,0.016845329249617153,653
MDW-ATL,13.00982800982801,0.02334152334152334,814
MDW-DCA,6.37984496124031,0.03682170542635659,516
MDW-DEN,15.036437246963562,0.04048582995951417,741
MDW-DTW,12.85236220472441,0.023622047244094488,508
MDW-LAS,15.91711956521739,0.035326086956521736,736
MDW-LGA,11.553398058252426,0.05825242718446602,618
MDW-MCO,15.316844919786096,0.03609625668449198,748
MDW-MSP,11.816640986132512,0.026194144838212634,649
MDW-PHX,12.246153846153845,0.027972027972027972,715
MEM-ATL,2.8645833333333335,0.010416666666666666,768
MEM-DFW,14.638418079096045,0.02071563088512241,531
MFE-DFW,16.03353057199211,0.009861932938856016,507
MIA-ATL,19.105494505494505,0.007692307692307693,1820
MIA-BNA,16.285145888594165,0.027851458885941646,754
MIA-BOS,23.114754098360656,0.01446480231436837,1037
MIA-BWI,14.090277777777779,0.013888888888888888,720
MIA-CLT,16.4338747099768,0.008120649651972157,862
MIA-DCA,16.027245206861757,0.020181634712411706,991
MIA-DEN,23.456164383561642,0.010958904109589041,730
MIA-DFW,25.350863422291994,0.013343799058084773,1274
MIA-DTW,16.95684803001876,0.013133208255159476,533
MIA-EWR,18.88658146964856,0.050319488817891375,1252
MIA-IAH,20.257744733581166,0.03841387856257745,807
MIA-JFK,24.467073998642228,0.01697216564833673,1473
MIA-LAX,23.29812438302073,0.0019743336623889436,1013
MIA-LGA,20.44750656167979,0.015748031496062992,1524
MIA-MCO,20.612223393045312,0.01053740779768177,949
MIA-MSY,16.412639405204462,0.013011152416356878,538
MIA-ORD,19.398018166804295,0.01568951279933939,1211
MIA-PHL,26.37410071942446,0.009592326139088728,834
MIA-RDU,25.759515570934255,0.012110726643598616,578
MIA-SJU,17.698956780923993,0.005961251862891207,671
MIA-TPA,26.549920760697304,0.014263074484944533,631
MKE-ATL,8.481884057971014,0.010869565217391304,552
MKE-DEN,6.448275862068965,0.02821316614420063,638
MKE-MCO,13.96245733788396,0.02218430034129693,586
MKE-ORD,11.538022813688213,0.03802281368821293,526
MSN-ORD,7.427289048473968,0.03231597845601436,557
MSP-ATL,7.9003516998827665,0.0023446658851113715,853
MSP-CLT,7.0238532110091745,0.003669724770642202,545
MSP-DCA,8.47953216374269,0.015594541910331383,513
MSP-DEN,6.334257975034674,0.022191400832177532,1442
MSP-DFW,11.663280116110304,0.002902757619738752,689
MSP-DTW,2.9047619047619047,0.0019047619047619048,525
MSP-EWR,7.122047244094488,0.015748031496062992,508
MSP-LAS,9.180257510729614,0.004291845493562232,699
MSP-LGA,8.437931034482759,0.006896551724137931,580
MSP-MCO,16.275555555555556,0.01037037037037037,675
MSP-MDW,7.382308845577211,0.034482758620689655,667
MSP-ORD,6.404326123128119,0.019966722129783693,1202
MSP-PHX,13.772151898734178,0.0023014959723820483,869
MSP-SEA,4.451905626134301,0.021778584392014518,551
MSY-ATL,7.276326874473463,0.0016849199663016006,1187
MSY-DAL,12.259762308998303,0.008488964346349746,589
MSY-DEN,10.17503586800574,0.035868005738880916,697
MSY-DFW,21.246963562753038,0.005398110661268556,741
MSY-HOU,14.081560283687944,0.012411347517730497,564
MSY-IAH,7.4450951683748166,0.03953147877013177,683
MSY-MCO,15.541538461538462,0.007692307692307693,650
MSY-MIA,10.751401869158878,0.011214953271028037,535
MYR-CLT,6.8146258503401365,0.00510204081632653,588
OAK-BUR,7.0040760869565215,0.010869565217391304,736
OAK-LAS,14.159498207885305,0.008064516129032258,1116
OAK-LAX,7.340063761955367,0.004250797024442083,941
OAK-PHX,12.47953216374269,0.005847953216374269,513
OAK-SAN,8.236545682102628,0.012515644555694618,799
OAK-SEA,9.002,0.032,500
OAK-SNA,4.952998379254457,0.008103727714748784,617
OGG-HNL,3.8621993127147767,0.010652920962199313,2910
OKC-ATL,3.161417322834646,0.003937007874015748,508
OKC-DEN,7.956651718983558,0.02242152466367713,669
OKC-DFW,11.587301587301587,0.021645021645021644,693
OMA-ATL,7.841176470588235,0.00392156862745098,510
OMA-DEN,10.42659974905897,0.03889585947302384,797
ONT-DEN,12.873887240356083,0.013353115727002967,674
ONT-DFW,17.427777777777777,0.007407407407407408,540
ONT-LAS,14.914239482200648,0.003236245954692557,618
ONT-PHX,9.892764857881136,0.003875968992248062,774
ORD-ATL,13.726209048361934,0.0078003120124804995,1282
ORD-AUS,15.316176470588236,0.010294117647058823,680
ORD-BNA,8.99910071942446,0.03866906474820144,1112
ORD-BOS,12.510985116938341,0.027639971651311126,1411
ORD-BWI,11.378594249201278,0.02875399361022364,626
ORD-CLE,8.16326530612245,0.03741496598639456,588
ORD-CLT,8.0,0.012476007677543186,1042
ORD-CMH,9.653188180404355,0.013996889580093312,643
ORD-CVG,9.710659898477157,0.01015228426395939,591
ORD-DCA,11.640321500334895,0.020763563295378432,1493
ORD-DEN,12.98150684931507,0.04246575342465753,1460
ORD-DFW,13.371757925072046,0.012968299711815562,1388
ORD-DTW,12.526138279932546,0.024451939291736932,1186
ORD-EWR,10.394171779141104,0.039110429447852764,1304
ORD-FLL,16.579180509413067,0.031007751937984496,903
ORD-GRR,13.156390977443609,0.04360902255639098,665
ORD-IAH,11.353564547206165,0.02119460500963391,1038
ORD-IND,8.076470588235294,0.03058823529411765,850
ORD-JFK,16.839427662957075,0.028616852146263912,629
ORD-LAS,11.623883021933388,0.024370430544272948,1231
ORD-LAX,13.267064280980781,0.025182239893969515,1509
ORD-LGA,13.073895582329317,0.023694779116465864,2490
ORD-MCI,12.988941548183254,0.020537124802527645,633
ORD-MCO,14.249130132219902,0.025052192066805846,1437
ORD-MIA,10.978547854785479,0.018976897689768978,1212
ORD-MKE,15.617142857142857,0.024761904761904763,525
ORD-MSN,9.878571428571428,0.02857142857142857,560
ORD-MSP,11.428333333333333,0.020833333333333332,1200
ORD-PHL,20.514188422247447,0.009080590238365494,881
ORD-PHX,13.834908632640202,0.019533711405166982,1587
ORD-PIT,5.679468242245199,0.019202363367799114,677
ORD-RDU,10.092375366568914,0.010263929618768328,682
ORD-RSW,9.324742268041238,0.032989690721649485,970
ORD-SAN,12.845514950166113,0.03488372093023256,602
ORD-SEA,9.11124546553809,0.02418379685610641,827
ORD-SFO,22.652173913043477,0.03369565217391304,920
ORD-SLC,13.122562674094707,0.019498607242339833,718
ORD-SNA,7.291902071563088,0.005649717514124294,531
ORD-STL,14.690740740740742,0.037037037037037035,540
ORD-TPA,12.77599142550911,0.012861736334405145,933
ORF-ATL,10.226640159045726,0.003976143141153081,503
ORF-CLT,13.912739965095986,0.0034904013961605585,573
PBI-ATL,6.378986866791744,0.0,1066
PBI-BOS,24.35514018691589,0.009345794392523364,535
PBI-CLT,16.31451612903226,0.0016129032258064516,620
PBI-EWR,14.825147347740668,0.06483300589390963,1018
PBI-HPN,19.74960380348653,0.006339144215530904,631
PBI-JFK,22.150537634408604,0.010752688172043012,558
PBI-LGA,14.470521541950113,0.015873015873015872,882
PDX-DEN,5.604625550660793,0.024229074889867842,908
PDX-DFW,20.82295719844358,0.021400778210116732,514
PDX-LAS,10.935950413223141,0.03409090909090909,968
PDX-LAX,4.108252947481243,0.031082529474812434,933
PDX-PHX,10.290060851926977,0.02332657200811359,986
PDX-SEA,7.0851851851851855,0.03851851851851852,1350
PDX-SFO,23.50134770889488,0.03638814016172507,742
PDX-SJC,6.921100917431192,0.012844036697247707,545
PDX-SLC,7.706666666666667,0.007619047619047619,525
PHL-ATL,7.297254901960784,0.004705882352941176,1275
PHL-BNA,5.788296041308089,0.024096385542168676,581
PHL-BOS,8.766258246936852,0.011310084825636193,1061
PHL-CLT,17.310416666666665,0.00625,960
PHL-DEN,14.025316455696203,0.012658227848101266,553
PHL-DFW,13.859395532194482,0.01445466491458607,761
PHL-DTW,10.953172205438067,0.015105740181268883,662
PHL-FLL,18.704359673024523,0.006811989100817439,734
PHL-LAX,13.538860103626943,0.0069084628670120895,579
PHL-MCO,18.990272373540854,0.009727626459143969,1542
PHL-MIA,17.020432692307693,0.009615384615384616,832
PHL-ORD,9.464852607709751,0.009070294784580499,882
PHL-PHX,9.071315372424722,0.003169572107765452,631
PHL-RDU,12.085436893203884,0.017475728155339806,515
PHL-RSW,13.592734225621415,0.015296367112810707,523
PHL-TPA,13.270448548812665,0.017150395778364115,758
PHX-ABQ,11.386039886039885,0.005698005698005698,702
PHX-ATL,9.815880322209436,0.0011507479861910242,869
PHX-AUS,12.210822998872604,0.004509582863585118,887
PHX-BNA,9.749122807017544,0.01929824561403509,570
PHX-BOS,8.612431444241317,0.0018281535648994515,547
PHX-BUR,9.25891677675033,0.0066050198150594455,757
PHX-CLT,4.832409972299169,0.0,722
PHX-DAL,10.357048748353096,0.010540184453227932,759
PHX-DEN,10.232128514056225,0.017269076305220885,2490
PHX-DFW,13.488549618320612,0.00916030534351145,1310
PHX-DTW,9.292069632495165,0.009671179883945842,517
PHX-ELP,12.059294871794872,0.003205128205128205,624
PHX-EWR,8.044897959183674,0.024489795918367346,735
PHX-IAH,7.759375,0.0109375,640
PHX-JFK,20.858407079646017,0.007374631268436578,678
PHX-LAS,14.559244419004006,0.008586147681740127,1747
PHX-LAX,8.576338400528751,0.00991407799074686,1513
PHX-MCI,11.048678720445062,0.016689847009735744,719
PHX-MDW,11.166666666666666,0.027298850574712645,696
PHX-MSP,10.127586206896552,0.0034482758620689655,870
PHX-OAK,10.695219123505977,0.00199203187250996,502
PHX-ONT,7.9393548387096775,0.0,775
PHX-ORD,10.663064208518755,0.02288620470438652,1573
PHX-PDX,7.714285714285714,0.02877697841726619,973
PHX-PHL,6.165876777251185,0.00315955766192733,633
PHX-RNO,8.497267759562842,0.0036429872495446266,549
PHX-SAN,7.961426491994177,0.001455604075691412,1374
PHX-SAT,12.337700145560408,0.002911208151382824,687
PHX-SEA,7.083144796380091,0.020361990950226245,1768
PHX-SFO,28.19341216216216,0.019425675675675675,1184
PHX-SJC,10.562992125984252,0.0026246719160104987,762
PHX-SLC,7.564833672776646,0.0006788866259334691,1473
PHX-SMF,7.121142857142857,0.001142857142857143,875
PHX-SNA,8.359530261969287,0.0009033423667570009,1107
PHX-STL,11.898066783831283,0.012302284710017574,569
PHX-TUS,2.970812182741117,0.0,788
PIT-ATL,2.8823529411764706,0.0,612
PIT-EWR,1.0918727915194346,0.014134275618374558,566
PIT-LGA,4.093506493506493,0.02207792207792208,770
PIT-MCO,13.103139013452914,0.01195814648729447,669
PIT-ORD,2.5805022156573116,0.019202363367799114,677
PNS-ATL,-1.0577281191806331,0.0,537
PSP-SEA,3.3552,0.0512,625
PSP-SFO,25.780882352941177,0.022058823529411766,680
PVD-DCA,7.646428571428571,0.02142857142857143,560
RDU-ATL,9.142727272727273,0.0018181818181818182,1100
RDU-BNA,5.3816793893129775,0.01717557251908397,524
RDU-BOS,14.909252669039146,0.008896797153024912,562
RDU-CLT,13.08135593220339,0.0022598870056497176,885
RDU-DCA,7.483823529411764,0.01911764705882353,680
RDU-DFW,14.30560928433269,0.013539651837524178,517
RDU-EWR,4.762520193861066,0.027463651050080775,619
RDU-JFK,10.888392857142858,0.011160714285714286,896
RDU-LGA,13.261980830670927,0.023429179978700747,939
RDU-MCO,16.4651493598862,0.005689900426742532,703
RDU-MIA,10.925217391304347,0.01217391304347826,575
RDU-ORD,5.238304093567251,0.01608187134502924,684
RDU-PHL,13.63883495145631,0.017475728155339806,515
RIC-ATL,3.846553966189857,0.0013003901170351106,769
RIC-CLT,17.223247232472325,0.0036900369003690036,542
RNO-DEN,13.31729055258467,0.008912655971479501,561
RNO-LAS,11.64059405940594,0.02277227722772277,1010
RNO-LAX,5.838235294117647,0.011437908496732025,612
RNO-PHX,12.360507246376812,0.009057971014492754,552
RSW-ATL,4.371628371628372,0.000999000999000999,1001
RSW-BOS,22.212885154061624,0.00980392156862745,714
RSW-CLT,6.655339805825243,0.003236245954692557,618
RSW-DTW,11.987412587412587,0.006993006993006993,715
RSW-EWR,13.199335548172758,0.06312292358803986,602
RSW-ORD,11.237849017580144,0.03205791106514995,967
RSW-PHL,20.55640535372849,0.019120458891013385,523
SAN-DEN,7.451104100946372,0.026025236593059938,1268
SAN-DFW,16.381898454746135,0.009933774834437087,906
SAN-JFK,11.82703777335984,0.027833001988071572,503
SAN-LAS,13.555344718532574,0.01644528779253637,1581
SAN-LAX,1.5199240986717268,0.0018975332068311196,527
SAN-OAK,7.061151079136691,0.007194244604316547,834
SAN-ORD,4.03150912106136,0.028192371475953566,603
SAN-PHX,11.121897810218979,0.0036496350364963502,1370
SAN-SEA,9.725563909774436,0.041353383458646614,1064
SAN-SFO,22.374289772727273,0.02911931818181818,1408
SAN-SJC,6.2330173775671405,0.005529225908372828,1266
SAN-SLC,7.018376722817764,0.0015313935681470138,653
SAN-SMF,7.681780708985985,0.00494641384995878,1213
SAT-ATL,9.87175572519084,0.0,655
SAT-DAL,7.079670329670329,0.012362637362637362,728
SAT-DEN,6.676151761517615,0.01084010840108401,738
SAT-DFW,16.661582459485224,0.017159199237368923,1049
SAT-LAS,14.23021582733813,0.01618705035971223,556
SAT-LAX,6.972549019607843,0.0,510
SAT-PHX,6.914285714285715,0.004285714285714286,700
SAV-ATL,1.1802773497688752,0.0,649
SAV-CLT,15.08904109589041,0.005136986301369863,584
SDF-ATL,4.487101669195751,0.0030349013657056147,659
SDF-DFW,9.397233201581027,0.011857707509881422,506
SEA-ANC,13.636363636363637,0.025506867233485938,1529
SEA-ATL,8.03896103896104,0.023088023088023088,693
SEA-BOI,6.592173017507724,0.003089598352214212,971
SEA-BOS,7.622,0.02,500
SEA-DEN,9.682584269662922,0.030196629213483147,1424
SEA-DFW,16.833684210526314,0.028421052631578948,950
SEA-FAI,10.477045908183634,0.021956087824351298,501
SEA-GEG,11.096375617792422,0.01729818780889621,1214
SEA-HNL,15.424242424242424,0.05,660
SEA-JFK,8.621575342465754,0.04280821917808219,584
SEA-LAS,13.19621451104101,0.025867507886435333,1585
SEA-LAX,7.215894868585732,0.02690863579474343,1598
SEA-MSP,4.469945355191257,0.020036429872495445,549
SEA-OAK,11.473161033797217,0.03180914512922465,503
SEA-ORD,10.473493975903615,0.024096385542168676,830
SEA-PDX,8.44005956813105,0.029784065524944156,1343
SEA-PHX,8.952993844432008,0.024622271964185788,1787
SEA-PSP,5.382022471910112,0.03691813804173355,623
SEA-SAN,8.378071833648393,0.03969754253308128,1058
SEA-SFO,22.156701030927834,0.02542955326460481,1455
SEA-SJC,7.478260869565218,0.023255813953488372,989
SEA-SLC,7.622436670687575,0.018094089264173704,829
SEA-SMF,7.425698324022346,0.0111731843575419,895
SEA-SNA,4.749739311783108,0.006256517205422315,959
SFO-ATL,8.881685575364667,0.004862236628849271,617
SFO-BOS,17.4250281848929,0.016910935738444193,887
SFO-BUR,12.043422733077906,0.022988505747126436,783
SFO-DEN,19.154098360655738,0.02622950819672131,1220
SFO-DFW,29.607260726072607,0.011001100110011002,909
SFO-EWR,15.775626423690206,0.02164009111617312,878
SFO-HNL,12.082918739635158,0.028192371475953566,603
SFO-IAD,18.33140655105973,0.057803468208092484,519
SFO-IAH,15.615702479338843,0.0440771349862259,726
SFO-JFK,14.389638041163947,0.030518097941802696,1409
SFO-LAS,28.240584166026135,0.05226748654880861,1301
SFO-LAX,18.393103448275863,0.022222222222222223,2610
SFO-ORD,16.0627027027027,0.03135135135135135,925
SFO-PDX,17.006738544474395,0.03773584905660377,742
SFO-PHX,24.37826453243471,0.014321819713563605,1187
SFO-PSP,14.99702823179792,0.020802377414561663,673
SFO-SAN,16.5448079658606,0.027738264580369845,1406
SFO-SEA,16.179628355127324,0.03922918100481762,1453
SFO-SLC,22.88256658595642,0.004842615012106538,826
SFO-SNA,13.356995884773662,0.01440329218106996,972
SGF-DFW,14.387755102040817,0.029154518950437316,686
SJC-BUR,4.610344827586207,0.01896551724137931,580
SJC-DEN,5.211656441717792,0.018404907975460124,652
SJC-LAS,12.785996055226825,0.008875739644970414,1014
SJC-LAX,3.147249190938511,0.0016181229773462784,1236
SJC-PDX,6.491362763915547,0.02111324376199616,521
SJC-PHX,8.389830508474576,0.002607561929595828,767
SJC-SAN,4.250585480093677,0.0078064012490242,1281
SJC-SEA,4.010934393638171,0.027833001988071572,1006
SJC-SNA,4.727011494252873,0.004310344827586207,696
SJU-ATL,11.662751677852349,0.0016778523489932886,596
SJU-BOS,23.63960396039604,0.009900990099009901,505
SJU-EWR,15.267289719626168,0.018691588785046728,535
SJU-JFK,23.990920881971466,0.01297016861219196,771
SJU-MCO,23.599730458221025,0.010107816711590296,1484
SJU-MIA,20.99851411589896,0.004457652303120356,673
SLC-ATL,9.694225721784777,0.0013123359580052493,762
SLC-DEN,10.52935372471633,0.011840157868771583,2027
SLC-DFW,18.891370558375634,0.009137055837563452,985
SLC-IAH,6.192982456140351,0.010526315789473684,570
SLC-JFK,12.932481751824817,0.005474452554744526,548
SLC-LAS,15.053846153846154,0.005982905982905983,1170
SLC-LAX,7.856521739130435,0.0007246376811594203,1380
SLC-MCO,6.381555153707052,0.003616636528028933,553
SLC-ORD,11.860724233983287,0.020891364902506964,718
SLC-PDX,5.188931297709924,0.007633587786259542,524
SLC-PHX,11.318948078219824,0.0033715441672285905,1483
SLC-SAN,7.782542113323124,0.0015313935681470138,653
SLC-SEA,6.464975845410628,0.018115942028985508,828
SLC-SFO,22.689987937273823,0.012062726176115802,829
SMF-BUR,4.3609375,0.015625,640
SMF-DEN,6.2131350681536555,0.022304832713754646,807
SMF-LAS,13.457185405807893,0.016381236038719285,1343
SMF-LAX,4.099166666666667,0.0016666666666666668,1200
SMF-PHX,4.916475972540046,0.002288329519450801,874
SMF-SAN,7.275206611570248,0.008264462809917356,1210
SMF-SEA,4.58454647256439,0.012318029115341545,893
SMF-SNA,5.113636363636363,0.0034965034965034965,572
SNA-DEN,5.758304696449026,0.014891179839633447,873
SNA-DFW,13.065527065527066,0.009971509971509971,702
SNA-LAS,13.570552147239264,0.009202453987730062,978
SNA-OAK,6.521880064829822,0.006482982171799027,617
SNA-ORD,7.026119402985074,0.009328358208955223,536
SNA-PHX,11.417641764176418,0.004500450045004501,1111
SNA-SEA,5.333333333333333,0.011494252873563218,957
SNA-SFO,24.486625514403293,0.013374485596707819,972
SNA-SJC,5.662337662337662,0.002886002886002886,693
SNA-SMF,9.108391608391608,0.006993006993006993,572
SRQ-ATL,5.2310866574965615,0.001375515818431912,727
SRQ-CLT,15.734848484848484,0.003787878787878788,528
STL-ATL,5.4925,0.005,800
STL-DAL,8.292870905587668,0.015414258188824663,519
STL-DCA,13.757839721254355,0.02613240418118467,574
STL-DEN,9.15138592750533,0.021321961620469083,938
STL-DFW,19.290076335877863,0.011450381679389313,524
STL-LGA,11.504854368932039,0.042071197411003236,927
STL-MCO,22.039619651347067,0.014263074484944533,631
STL-ORD,16.922509225092252,0.03136531365313653,542
STL-PHX,10.067028985507246,0.007246376811594203,552
TPA-ATL,10.769587928032502,0.0046430644225188625,1723
TPA-BNA,10.501742160278745,0.0313588850174216,574
TPA-BOS,12.860778443113773,0.019461077844311378,668
TPA-BWI,11.803945745992602,0.01726263871763255,811
TPA-CLT,14.20443101711984,0.004028197381671702,993
TPA-DCA,21.924295774647888,0.014084507042253521,568
TPA-DEN,14.614649681528663,0.022292993630573247,942
TPA-DFW,23.09220779220779,0.014285714285714285,770
TPA-DTW,16.562589928057555,0.010071942446043165,695
TPA-EWR,8.114401076716016,0.05787348586810229,743
TPA-JFK,17.16453382084095,0.012797074954296161,547
TPA-LGA,15.12320916905444,0.011461318051575931,698
TPA-MIA,17.48253968253968,0.014285714285714285,630
TPA-ORD,11.73225806451613,0.017204301075268817,930
TPA-PHL,17.333333333333332,0.01837270341207349,762
TUL-DFW,17.167638483965014,0.02040816326530612,686
TUS-DEN,12.409235668789808,0.01751592356687898,628
TUS-DFW,11.930434782608696,0.0052173913043478265,575
TUS-LAX,10.054455445544555,0.0,606
TUS-PHX,0.554002541296061,0.0,787
TYS-ATL,5.857142857142857,0.011764705882352941,595
TYS-CLT,9.665589660743134,0.024232633279483037,619
XNA-DFW,16.16184210526316,0.02236842105263158,760
